"site_id","latitude","longitude","elevation_in_meters","state","species_id","class_id","order_id","family_id","genus_id","genus","species","common_name","kingdom","individual_id","phenophase_id","phenophase_description","first_yes_year","first_yes_month","first_yes_day","first_yes_doy","first_yes_julian_date","numdays_since_prior_no","last_yes_year","last_yes_month","last_yes_day","last_yes_doy","last_yes_julian_date","numdays_until_next_no","tmax_winter","tmax_spring","tmax_summer","tmax_fall","tmax","tmaxf","tmin_winter","tmin_spring","tmin_summer","tmin_fall","tmin","tminf","prcp_winter","prcp_spring","prcp_summer","prcp_fall","prcp","acc_prcp","gdd","gddf","daylength"
2,43.08535,-70.69133,15,"ME",99,15,79,245,457,"Betula","papyrifera","paper birch","Plantae",2111,498,"Colored leaves",2015,9,1,244,2457267,15,2015,11,4,308,2457331,6,0.13,12.63,24.91,15.59,28.5,83.3,-9.83,0.64,14.84,5.63,16.5,61.7,420,182,310,238,0,732,2555.5,4599.9,"46656"
5509,45.407852,-93.199257,277,"MN",99,15,79,245,457,"Betula","papyrifera","paper birch","Plantae",5102,498,"Colored leaves",2015,8,21,233,2457256,7,2015,10,6,279,2457302,6,-4.24,13.87,26.15,12.01,24.5,76.1,-13.57,0.78,14.39,0.66,11.5,52.7,40,238,413,144,0,640,2442.75,4396.95,"49075"
5509,45.407852,-93.199257,277,"MN",99,15,79,245,457,"Betula","papyrifera","paper birch","Plantae",5107,498,"Colored leaves",2015,9,11,254,2457277,14,2015,10,6,279,2457302,6,-4.24,13.87,26.15,12.01,19,66.2,-13.57,0.78,14.39,0.66,6.5,43.7,40,238,413,144,0,739,2858.5,5145.3,"44928"
38,45.407852,-93.200974,278,"MN",99,15,79,245,457,"Betula","papyrifera","paper birch","Plantae",5108,498,"Colored leaves",2015,8,28,240,2457263,7,2015,10,6,279,2457302,6,-4.24,13.88,26.14,12,25.5,77.9,-13.57,0.79,14.39,0.65,13.5,56.3,40,235,406,142,0,655,2565,4617,"47693"
2394,45.425339,-93.186249,278,"MN",99,15,79,245,457,"Betula","papyrifera","paper birch","Plantae",5111,498,"Colored leaves",2015,8,28,240,2457263,7,2015,10,12,285,2457308,8,-4.24,13.88,26.14,11.98,25.5,77.9,-13.59,0.78,14.37,0.65,13.5,56.3,40,238,403,151,0,655,2564.25,4615.65,"47693"
2395,45.402004,-93.204147,276,"MN",99,15,79,245,457,"Betula","papyrifera","paper birch","Plantae",5117,498,"Colored leaves",2015,8,28,240,2457263,7,2015,9,28,271,2457294,14,-4.23,13.87,26.15,12.02,25.5,77.9,-13.49,0.84,14.4,0.71,13.5,56.3,39,235,406,136,0,654,2567,4620.6,"47693"
2792,35.64893,-78.816948,126,"NC",97,15,79,245,457,"Betula","alleghaniensis","yellow birch","Plantae",6558,498,"Colored leaves",2015,5,21,141,2457164,26,2015,5,21,141,2457164,50,9.95,22.17,31.35,21.38,29,84.2,-1.58,9.23,19.92,9.41,16.5,61.7,341,293,330,314,0,490,1430.75,2575.35,"50458"
2792,35.64893,-78.816948,126,"NC",97,15,79,245,457,"Betula","alleghaniensis","yellow birch","Plantae",6558,498,"Colored leaves",2015,11,5,309,2457332,118,2015,11,5,309,2457332,NA,9.95,22.17,31.35,21.38,20.5,68.9,-1.58,9.23,19.92,9.41,13.5,56.3,341,293,330,314,1,1137,5237.75,9427.95,"37325"
5076,64.925751,-147.880295,271,"AK",99,15,79,245,457,"Betula","papyrifera","paper birch","Plantae",9574,498,"Colored leaves",2015,9,5,248,2457271,4,2015,9,5,248,2457271,18,-11.06,8.78,18.84,1.48,16,60.8,-19.13,-5.52,7.46,-7.68,2,35.6,39,35,234,111,0,282,1670.75,3007.35,"49766"
5078,64.913361,-147.83815,201,"AK",430,15,79,245,457,"Betula","nana","dwarf birch","Plantae",9721,498,"Colored leaves",2015,8,28,240,2457263,33,2015,8,28,240,2457263,NA,-11.21,9.23,19.18,1.83,9,48.2,-19.39,-5.5,7.63,-7.79,1,33.8,39,33,222,106,1,262,1658,2984.4,"52877"
5952,45.407852,-93.200974,278,"MN",97,15,79,245,457,"Betula","alleghaniensis","yellow birch","Plantae",10807,498,"Colored leaves",2015,9,18,261,2457284,3,2015,10,12,285,2457308,8,-4.24,13.88,26.14,12,21,69.8,-13.57,0.79,14.39,0.65,10.5,50.9,40,235,406,142,5,737,2986.75,5376.15,"43546"
5583,45.196041,-70.459015,368,"ME",99,15,79,245,457,"Betula","papyrifera","paper birch","Plantae",25357,498,"Colored leaves",2015,10,14,287,2457310,7,2015,10,18,291,2457314,8,-5.53,9.16,22.6,12.23,13.5,56.3,-16.94,-4.11,11.04,1.87,6.5,43.7,220,168,329,241,3,717,2642.25,4756.05,"38707"
5582,45.195858,-70.45369,366,"ME",99,15,79,245,457,"Betula","papyrifera","paper birch","Plantae",25359,498,"Colored leaves",2015,10,14,287,2457310,7,2015,10,18,291,2457314,8,-5.53,9.16,22.6,12.23,13.5,56.3,-16.94,-4.11,11.04,1.87,6.5,43.7,220,168,329,241,3,717,2642.25,4756.05,"38707"
6242,43.348259,-70.546036,5,"ME",99,15,79,245,457,"Betula","papyrifera","paper birch","Plantae",28514,498,"Colored leaves",2015,10,6,279,2457302,11,2015,10,30,303,2457326,NA,-0.33,12.15,24.42,15.21,16,60.8,-10.52,0.13,14.46,5.3,4,39.2,361,170,333,307,0,803,3070.75,5527.35,"40435"
6242,43.348259,-70.546036,5,"ME",99,15,79,245,457,"Betula","papyrifera","paper birch","Plantae",28515,498,"Colored leaves",2015,9,29,272,2457295,4,2015,10,28,301,2457324,2,-0.33,12.15,24.42,15.21,23.5,74.3,-10.52,0.13,14.46,5.3,13,55.4,361,170,333,307,0,718,2985.75,5374.35,"41818"
8898,35.688751,-83.501083,633,"TN",97,15,79,245,457,"Betula","alleghaniensis","yellow birch","Plantae",29881,498,"Colored leaves",2015,9,12,255,2457278,8,2015,11,13,317,2457340,NA,7.73,20.48,27.98,18.93,24,75.2,-3.05,7.42,16.77,6.94,15,59,279,345,417,341,3,965,3738,6728.4,"44237"
8898,35.688751,-83.501083,633,"TN",98,15,79,245,457,"Betula","lenta","sweet birch","Plantae",29882,498,"Colored leaves",2015,9,12,255,2457278,8,2015,11,13,317,2457340,NA,7.73,20.48,27.98,18.93,24,75.2,-3.05,7.42,16.77,6.94,15,59,279,345,417,341,3,965,3738,6728.4,"44237"
8898,35.688751,-83.501083,633,"TN",98,15,79,245,457,"Betula","lenta","sweet birch","Plantae",29891,498,"Colored leaves",2015,9,12,255,2457278,8,2015,11,13,317,2457340,NA,7.73,20.48,27.98,18.93,24,75.2,-3.05,7.42,16.77,6.94,15,59,279,345,417,341,3,965,3738,6728.4,"44237"
8898,35.688751,-83.501083,633,"TN",98,15,79,245,457,"Betula","lenta","sweet birch","Plantae",29892,498,"Colored leaves",2015,9,12,255,2457278,8,2015,11,13,317,2457340,NA,7.73,20.48,27.98,18.93,24,75.2,-3.05,7.42,16.77,6.94,15,59,279,345,417,341,3,965,3738,6728.4,"44237"
8901,35.590618,-83.470062,1659,"TN",97,15,79,245,457,"Betula","alleghaniensis","yellow birch","Plantae",29912,498,"Colored leaves",2015,9,18,261,2457284,14,2015,10,16,289,2457312,NA,2.67,13.14,21,12.75,19.5,67.1,-6.63,3.11,11.96,3.07,6.5,43.7,434,475,537,477,0,1323,2568.25,4622.85,"43546"
8901,35.590618,-83.470062,1659,"TN",97,15,79,245,457,"Betula","alleghaniensis","yellow birch","Plantae",29913,498,"Colored leaves",2015,9,4,247,2457270,7,2015,10,16,289,2457312,NA,2.67,13.14,21,12.75,23.5,74.3,-6.63,3.11,11.96,3.07,13,55.4,434,475,537,477,0,1293,2386.5,4295.7,"45619"
8901,35.590618,-83.470062,1659,"TN",97,15,79,245,457,"Betula","alleghaniensis","yellow birch","Plantae",29914,498,"Colored leaves",2015,9,18,261,2457284,14,2015,10,9,282,2457305,NA,2.67,13.14,21,12.75,19.5,67.1,-6.63,3.11,11.96,3.07,6.5,43.7,434,475,537,477,0,1323,2568.25,4622.85,"43546"
8901,35.590618,-83.470062,1659,"TN",97,15,79,245,457,"Betula","alleghaniensis","yellow birch","Plantae",29915,498,"Colored leaves",2015,9,4,247,2457270,7,2015,9,25,268,2457291,12,2.67,13.14,21,12.75,23.5,74.3,-6.63,3.11,11.96,3.07,13,55.4,434,475,537,477,0,1293,2386.5,4295.7,"45619"
8901,35.590618,-83.470062,1659,"TN",97,15,79,245,457,"Betula","alleghaniensis","yellow birch","Plantae",29916,498,"Colored leaves",2015,9,4,247,2457270,7,2015,10,16,289,2457312,NA,2.67,13.14,21,12.75,23.5,74.3,-6.63,3.11,11.96,3.07,13,55.4,434,475,537,477,0,1293,2386.5,4295.7,"45619"
8901,35.590618,-83.470062,1659,"TN",97,15,79,245,457,"Betula","alleghaniensis","yellow birch","Plantae",29917,498,"Colored leaves",2015,8,21,233,2457256,3,2015,10,16,289,2457312,NA,2.67,13.14,21,12.75,19,66.2,-6.63,3.11,11.96,3.07,11.5,52.7,434,475,537,477,0,1288,2171.25,3908.25,"47347"
8901,35.590618,-83.470062,1659,"TN",97,15,79,245,457,"Betula","alleghaniensis","yellow birch","Plantae",29918,498,"Colored leaves",2015,8,21,233,2457256,3,2015,10,16,289,2457312,NA,2.67,13.14,21,12.75,19,66.2,-6.63,3.11,11.96,3.07,11.5,52.7,434,475,537,477,0,1288,2171.25,3908.25,"47347"
8901,35.590618,-83.470062,1659,"TN",97,15,79,245,457,"Betula","alleghaniensis","yellow birch","Plantae",29919,498,"Colored leaves",2015,9,4,247,2457270,7,2015,10,16,289,2457312,NA,2.67,13.14,21,12.75,23.5,74.3,-6.63,3.11,11.96,3.07,13,55.4,434,475,537,477,0,1293,2386.5,4295.7,"45619"
8901,35.590618,-83.470062,1659,"TN",97,15,79,245,457,"Betula","alleghaniensis","yellow birch","Plantae",29921,498,"Colored leaves",2015,9,4,247,2457270,7,2015,10,16,289,2457312,NA,2.67,13.14,21,12.75,23.5,74.3,-6.63,3.11,11.96,3.07,13,55.4,434,475,537,477,0,1293,2386.5,4295.7,"45619"
8901,35.590618,-83.470062,1659,"TN",97,15,79,245,457,"Betula","alleghaniensis","yellow birch","Plantae",29922,498,"Colored leaves",2015,9,4,247,2457270,7,2015,10,16,289,2457312,NA,2.67,13.14,21,12.75,23.5,74.3,-6.63,3.11,11.96,3.07,13,55.4,434,475,537,477,0,1293,2386.5,4295.7,"45619"
8901,35.590618,-83.470062,1659,"TN",97,15,79,245,457,"Betula","alleghaniensis","yellow birch","Plantae",29923,498,"Colored leaves",2015,9,4,247,2457270,7,2015,10,16,289,2457312,NA,2.67,13.14,21,12.75,23.5,74.3,-6.63,3.11,11.96,3.07,13,55.4,434,475,537,477,0,1293,2386.5,4295.7,"45619"
8901,35.590618,-83.470062,1659,"TN",97,15,79,245,457,"Betula","alleghaniensis","yellow birch","Plantae",29925,498,"Colored leaves",2015,9,4,247,2457270,7,2015,10,9,282,2457305,NA,2.67,13.14,21,12.75,23.5,74.3,-6.63,3.11,11.96,3.07,13,55.4,434,475,537,477,0,1293,2386.5,4295.7,"45619"
8901,35.590618,-83.470062,1659,"TN",97,15,79,245,457,"Betula","alleghaniensis","yellow birch","Plantae",29926,498,"Colored leaves",2015,9,4,247,2457270,7,2015,10,9,282,2457305,NA,2.67,13.14,21,12.75,23.5,74.3,-6.63,3.11,11.96,3.07,13,55.4,434,475,537,477,0,1293,2386.5,4295.7,"45619"
8981,35.729073,-83.406631,487,"TN",98,15,79,245,457,"Betula","lenta","sweet birch","Plantae",30501,498,"Colored leaves",2015,9,6,249,2457272,21,2015,10,5,278,2457301,NA,8.27,21.4,28.82,19.68,29.5,85.1,-2.62,7.89,17.28,7.38,16.5,61.7,261,348,438,329,0,957,3756,6760.8,"45274"
8981,35.729073,-83.406631,487,"TN",98,15,79,245,457,"Betula","lenta","sweet birch","Plantae",30502,498,"Colored leaves",2015,9,6,249,2457272,21,2015,10,5,278,2457301,NA,8.27,21.4,28.82,19.68,29.5,85.1,-2.62,7.89,17.28,7.38,16.5,61.7,261,348,438,329,0,957,3756,6760.8,"45274"
8981,35.729073,-83.406631,487,"TN",98,15,79,245,457,"Betula","lenta","sweet birch","Plantae",30503,498,"Colored leaves",2015,9,6,249,2457272,21,2015,10,5,278,2457301,NA,8.27,21.4,28.82,19.68,29.5,85.1,-2.62,7.89,17.28,7.38,16.5,61.7,261,348,438,329,0,957,3756,6760.8,"45274"
8981,35.729073,-83.406631,487,"TN",98,15,79,245,457,"Betula","lenta","sweet birch","Plantae",30504,498,"Colored leaves",2015,9,6,249,2457272,21,2015,10,5,278,2457301,NA,8.27,21.4,28.82,19.68,29.5,85.1,-2.62,7.89,17.28,7.38,16.5,61.7,261,348,438,329,0,957,3756,6760.8,"45274"
9343,35.642799,-83.695915,469,"TN",98,15,79,245,457,"Betula","lenta","sweet birch","Plantae",33166,498,"Colored leaves",2015,9,22,265,2457288,7,2015,10,8,281,2457304,21,8.06,21.04,28.45,19.35,24,75.2,-2.75,8.02,17.39,7.41,14,57.2,299,326,421,325,0,973,4037.25,7267.05,"42854"
9343,35.642799,-83.695915,469,"TN",98,15,79,245,457,"Betula","lenta","sweet birch","Plantae",33182,498,"Colored leaves",2015,10,4,277,2457300,12,2015,10,29,302,2457325,16,8.06,21.04,28.45,19.35,19,66.2,-2.75,8.02,17.39,7.41,13,55.4,299,326,421,325,12,1089,4260,7668,"41472"
9338,35.642117,-83.692589,479,"TN",98,15,79,245,457,"Betula","lenta","sweet birch","Plantae",33217,498,"Colored leaves",2015,10,4,277,2457300,158,2015,10,4,277,2457300,42,8.27,21.34,28.78,19.63,19,66.2,-2.62,8.12,17.52,7.49,13,55.4,291,324,411,315,13,1074,4310.25,7758.45,"41472"
9338,35.642117,-83.692589,479,"TN",98,15,79,245,457,"Betula","lenta","sweet birch","Plantae",33220,498,"Colored leaves",2015,10,4,277,2457300,158,2015,10,4,277,2457300,42,8.27,21.34,28.78,19.63,19,66.2,-2.62,8.12,17.52,7.49,13,55.4,291,324,411,315,13,1074,4310.25,7758.45,"41472"
1668,40.866283,-73.875717,25,"NY",98,15,79,245,457,"Betula","lenta","sweet birch","Plantae",38593,498,"Colored leaves",2015,9,3,246,2457269,19,2015,9,3,246,2457269,2,2.85,16.05,28.65,18.13,33.5,92.3,-5.19,5.32,18.87,9.19,21,69.8,374,217,253,275,0,696,3294,5929.2,"45965"
1668,40.866283,-73.875717,25,"NY",98,15,79,245,457,"Betula","lenta","sweet birch","Plantae",38593,498,"Colored leaves",2015,9,6,249,2457272,1,2015,9,17,260,2457283,3,2.85,16.05,28.65,18.13,29,84.2,-5.19,5.32,18.87,9.19,15.5,59.9,374,217,253,275,0,696,3364.25,6055.65,"45619"
1668,40.866283,-73.875717,25,"NY",98,15,79,245,457,"Betula","lenta","sweet birch","Plantae",38593,498,"Colored leaves",2015,9,24,267,2457290,4,2015,10,8,281,2457304,6,2.85,16.05,28.65,18.13,27,80.6,-5.19,5.32,18.87,9.19,13,55.4,374,217,253,275,0,756,3764,6775.2,"42509"
1668,40.866283,-73.875717,25,"NY",98,15,79,245,457,"Betula","lenta","sweet birch","Plantae",38593,498,"Colored leaves",2015,10,15,288,2457311,1,2015,10,15,288,2457311,2,2.85,16.05,28.65,18.13,18.5,65.3,-5.19,5.32,18.87,9.19,8,46.4,374,217,253,275,0,846,4106.75,7392.15,"39053"
1668,40.866283,-73.875717,25,"NY",98,15,79,245,457,"Betula","lenta","sweet birch","Plantae",38593,498,"Colored leaves",2015,10,22,295,2457318,5,2015,11,5,309,2457332,2,2.85,16.05,28.65,18.13,24,75.2,-5.19,5.32,18.87,9.19,10.5,50.9,374,217,253,275,0,846,4188.25,7538.85,"38016"
1668,40.866283,-73.875717,25,"NY",98,15,79,245,457,"Betula","lenta","sweet birch","Plantae",38594,498,"Colored leaves",2015,9,3,246,2457269,19,2015,9,3,246,2457269,2,2.85,16.05,28.65,18.13,33.5,92.3,-5.19,5.32,18.87,9.19,21,69.8,374,217,253,275,0,696,3294,5929.2,"45965"
1668,40.866283,-73.875717,25,"NY",98,15,79,245,457,"Betula","lenta","sweet birch","Plantae",38594,498,"Colored leaves",2015,9,6,249,2457272,1,2015,9,17,260,2457283,3,2.85,16.05,28.65,18.13,29,84.2,-5.19,5.32,18.87,9.19,15.5,59.9,374,217,253,275,0,696,3364.25,6055.65,"45619"
1668,40.866283,-73.875717,25,"NY",98,15,79,245,457,"Betula","lenta","sweet birch","Plantae",38594,498,"Colored leaves",2015,9,24,267,2457290,4,2015,11,7,311,2457334,7,2.85,16.05,28.65,18.13,27,80.6,-5.19,5.32,18.87,9.19,13,55.4,374,217,253,275,0,756,3764,6775.2,"42509"
10787,40.412285,-76.924904,138,"PA",98,15,79,245,457,"Betula","lenta","sweet birch","Plantae",42859,498,"Colored leaves",2015,8,31,243,2457266,14,2015,10,24,297,2457320,8,0.81,15.49,26.44,16.04,29.5,85.1,-8.29,2.32,14.72,4.92,15.5,59.9,216,355,491,267,0,949,2768.75,4983.75,"46656"
10787,40.412285,-76.924904,138,"PA",98,15,79,245,457,"Betula","lenta","sweet birch","Plantae",42860,498,"Colored leaves",2015,9,14,257,2457280,14,2015,10,11,284,2457307,13,0.81,15.49,26.44,16.04,19,66.2,-8.29,2.32,14.72,4.92,8,46.4,216,355,491,267,0,971,3057.25,5503.05,"44237"
12003,35.664433,-83.59095,693,"TN",98,15,79,245,457,"Betula","lenta","sweet birch","Plantae",50312,498,"Colored leaves",2015,8,30,242,2457265,11,2015,8,30,242,2457265,2,7.61,20.34,27.84,18.81,26,78.8,-3.12,7.46,16.78,6.97,16,60.8,303,349,428,341,0,978,3437.5,6187.5,"46310"
12003,35.664433,-83.59095,693,"TN",98,15,79,245,457,"Betula","lenta","sweet birch","Plantae",50312,498,"Colored leaves",2015,9,19,262,2457285,11,2015,10,20,293,2457316,8,7.61,20.34,27.84,18.81,26.5,79.7,-3.12,7.46,16.78,6.97,12.5,54.5,303,349,428,341,0,1001,3837,6906.6,"43546"
12003,35.664433,-83.59095,693,"TN",98,15,79,245,457,"Betula","lenta","sweet birch","Plantae",50688,498,"Colored leaves",2015,9,19,262,2457285,11,2015,9,19,262,2457285,3,7.61,20.34,27.84,18.81,26.5,79.7,-3.12,7.46,16.78,6.97,12.5,54.5,303,349,428,341,0,1001,3837,6906.6,"43546"
12003,35.664433,-83.59095,693,"TN",98,15,79,245,457,"Betula","lenta","sweet birch","Plantae",50688,498,"Colored leaves",2015,9,27,270,2457293,5,2015,10,20,293,2457316,8,7.61,20.34,27.84,18.81,23,73.4,-3.12,7.46,16.78,6.97,14.5,58.1,303,349,428,341,0,1026,3987.5,7177.5,"42163"
12003,35.664433,-83.59095,693,"TN",98,15,79,245,457,"Betula","lenta","sweet birch","Plantae",50693,498,"Colored leaves",2015,8,30,242,2457265,11,2015,8,30,242,2457265,2,7.61,20.34,27.84,18.81,26,78.8,-3.12,7.46,16.78,6.97,16,60.8,303,349,428,341,0,978,3437.5,6187.5,"46310"
12003,35.664433,-83.59095,693,"TN",98,15,79,245,457,"Betula","lenta","sweet birch","Plantae",50693,498,"Colored leaves",2015,9,19,262,2457285,18,2015,10,17,290,2457313,15,7.61,20.34,27.84,18.81,26.5,79.7,-3.12,7.46,16.78,6.97,12.5,54.5,303,349,428,341,0,1001,3837,6906.6,"43546"
12003,35.664433,-83.59095,693,"TN",98,15,79,245,457,"Betula","lenta","sweet birch","Plantae",50694,498,"Colored leaves",2015,8,30,242,2457265,11,2015,8,30,242,2457265,2,7.61,20.34,27.84,18.81,26,78.8,-3.12,7.46,16.78,6.97,16,60.8,303,349,428,341,0,978,3437.5,6187.5,"46310"
12003,35.664433,-83.59095,693,"TN",98,15,79,245,457,"Betula","lenta","sweet birch","Plantae",50694,498,"Colored leaves",2015,9,19,262,2457285,18,2015,10,17,290,2457313,15,7.61,20.34,27.84,18.81,26.5,79.7,-3.12,7.46,16.78,6.97,12.5,54.5,303,349,428,341,0,1001,3837,6906.6,"43546"
12003,35.664433,-83.59095,693,"TN",98,15,79,245,457,"Betula","lenta","sweet birch","Plantae",50696,498,"Colored leaves",2015,8,30,242,2457265,11,2015,8,30,242,2457265,2,7.61,20.34,27.84,18.81,26,78.8,-3.12,7.46,16.78,6.97,16,60.8,303,349,428,341,0,978,3437.5,6187.5,"46310"
12003,35.664433,-83.59095,693,"TN",98,15,79,245,457,"Betula","lenta","sweet birch","Plantae",50696,498,"Colored leaves",2015,9,19,262,2457285,11,2015,10,20,293,2457316,8,7.61,20.34,27.84,18.81,26.5,79.7,-3.12,7.46,16.78,6.97,12.5,54.5,303,349,428,341,0,1001,3837,6906.6,"43546"
12003,35.664433,-83.59095,693,"TN",98,15,79,245,457,"Betula","lenta","sweet birch","Plantae",50697,498,"Colored leaves",2015,5,9,129,2457152,4,2015,5,9,129,2457152,3,7.61,20.34,27.84,18.81,28,82.4,-3.12,7.46,16.78,6.97,14,57.2,303,349,428,341,0,517,974.5,1754.1,"49421"
12003,35.664433,-83.59095,693,"TN",98,15,79,245,457,"Betula","lenta","sweet birch","Plantae",50697,498,"Colored leaves",2015,8,30,242,2457265,11,2015,8,30,242,2457265,2,7.61,20.34,27.84,18.81,26,78.8,-3.12,7.46,16.78,6.97,16,60.8,303,349,428,341,0,978,3437.5,6187.5,"46310"
12003,35.664433,-83.59095,693,"TN",98,15,79,245,457,"Betula","lenta","sweet birch","Plantae",50697,498,"Colored leaves",2015,9,27,270,2457293,5,2015,10,20,293,2457316,8,7.61,20.34,27.84,18.81,23,73.4,-3.12,7.46,16.78,6.97,14.5,58.1,303,349,428,341,0,1026,3987.5,7177.5,"42163"
12003,35.664433,-83.59095,693,"TN",98,15,79,245,457,"Betula","lenta","sweet birch","Plantae",50697,498,"Colored leaves",2015,11,1,305,2457328,4,2015,11,1,305,2457328,5,7.61,20.34,27.84,18.81,17,62.6,-3.12,7.46,16.78,6.97,7.5,45.5,303,349,428,341,2,1202,4496.75,8094.15,"37670"
8981,35.729073,-83.406631,487,"TN",98,15,79,245,457,"Betula","lenta","sweet birch","Plantae",50700,498,"Colored leaves",2015,7,19,200,2457223,49,2015,7,19,200,2457223,6,8.27,21.4,28.82,19.68,31,87.8,-2.62,7.89,17.28,7.38,19.5,67.1,261,348,438,329,3,863,2616.25,4709.25,"50803"
8981,35.729073,-83.406631,487,"TN",98,15,79,245,457,"Betula","lenta","sweet birch","Plantae",50700,498,"Colored leaves",2015,9,6,249,2457272,21,2015,10,5,278,2457301,NA,8.27,21.4,28.82,19.68,29.5,85.1,-2.62,7.89,17.28,7.38,16.5,61.7,261,348,438,329,0,957,3756,6760.8,"45274"
8981,35.729073,-83.406631,487,"TN",98,15,79,245,457,"Betula","lenta","sweet birch","Plantae",50736,498,"Colored leaves",2015,7,19,200,2457223,49,2015,7,19,200,2457223,6,8.27,21.4,28.82,19.68,31,87.8,-2.62,7.89,17.28,7.38,19.5,67.1,261,348,438,329,3,863,2616.25,4709.25,"50803"
8981,35.729073,-83.406631,487,"TN",98,15,79,245,457,"Betula","lenta","sweet birch","Plantae",50736,498,"Colored leaves",2015,9,6,249,2457272,21,2015,9,6,249,2457272,29,8.27,21.4,28.82,19.68,29.5,85.1,-2.62,7.89,17.28,7.38,16.5,61.7,261,348,438,329,0,957,3756,6760.8,"45274"
8981,35.729073,-83.406631,487,"TN",98,15,79,245,457,"Betula","lenta","sweet birch","Plantae",50737,498,"Colored leaves",2015,7,19,200,2457223,49,2015,7,19,200,2457223,6,8.27,21.4,28.82,19.68,31,87.8,-2.62,7.89,17.28,7.38,19.5,67.1,261,348,438,329,3,863,2616.25,4709.25,"50803"
8981,35.729073,-83.406631,487,"TN",98,15,79,245,457,"Betula","lenta","sweet birch","Plantae",50737,498,"Colored leaves",2015,9,6,249,2457272,21,2015,10,5,278,2457301,NA,8.27,21.4,28.82,19.68,29.5,85.1,-2.62,7.89,17.28,7.38,16.5,61.7,261,348,438,329,0,957,3756,6760.8,"45274"
9044,44.272942,-73.947464,529,"NY",99,15,79,245,457,"Betula","papyrifera","paper birch","Plantae",67139,498,"Colored leaves",2015,9,11,254,2457277,84,2015,10,15,288,2457311,NA,-4.69,10.4,23.16,12.2,22,71.6,-16.66,-3.47,10.49,2.02,10.5,50.9,180,207,476,206,0,783,2311,4159.8,"44928"
9044,44.272942,-73.947464,529,"NY",99,15,79,245,457,"Betula","papyrifera","paper birch","Plantae",67206,498,"Colored leaves",2015,9,11,254,2457277,84,2015,10,15,288,2457311,NA,-4.69,10.4,23.16,12.2,22,71.6,-16.66,-3.47,10.49,2.02,10.5,50.9,180,207,476,206,0,783,2311,4159.8,"44928"
17582,35.770512,-83.111603,639,"TN",98,15,79,245,457,"Betula","lenta","sweet birch","Plantae",67710,498,"Colored leaves",2015,9,27,270,2457293,28,2015,10,30,303,2457326,NA,8.35,21.43,29.09,19.74,22.5,72.5,-2.64,7.91,17.21,7.23,15,59,233,315,448,284,0,974,4177.5,7519.5,"42163"
17582,35.770512,-83.111603,639,"TN",98,15,79,245,457,"Betula","lenta","sweet birch","Plantae",67720,498,"Colored leaves",2015,9,27,270,2457293,28,2015,10,14,287,2457310,16,8.35,21.43,29.09,19.74,22.5,72.5,-2.64,7.91,17.21,7.23,15,59,233,315,448,284,0,974,4177.5,7519.5,"42163"
17582,35.770512,-83.111603,639,"TN",98,15,79,245,457,"Betula","lenta","sweet birch","Plantae",67726,498,"Colored leaves",2015,9,27,270,2457293,28,2015,10,14,287,2457310,16,8.35,21.43,29.09,19.74,22.5,72.5,-2.64,7.91,17.21,7.23,15,59,233,315,448,284,0,974,4177.5,7519.5,"42163"
17680,44.924969,-92.789955,240,"MN",99,15,79,245,457,"Betula","papyrifera","paper birch","Plantae",68455,498,"Colored leaves",2015,10,1,274,2457297,148,2015,10,21,294,2457317,15,-4.21,13.68,25.91,12.15,17,62.6,-12.63,1.74,15.29,1.96,4.5,40.1,39,175,467,111,0,789,3275.25,5895.45,"41126"
17702,39.642292,-78.939201,615,"MD",98,15,79,245,457,"Betula","lenta","sweet birch","Plantae",68842,498,"Colored leaves",2015,8,20,232,2457255,55,2015,10,22,295,2457318,8,0.87,15.51,25.3,15.07,28,82.4,-8.58,2.22,14.18,4.27,19,66.2,157,295,383,200,20,759,2506.5,4511.7,"48038"
9044,44.272942,-73.947464,529,"NY",99,15,79,245,457,"Betula","papyrifera","paper birch","Plantae",68904,498,"Colored leaves",2015,9,11,254,2457277,84,2015,10,15,288,2457311,NA,-4.69,10.4,23.16,12.2,22,71.6,-16.66,-3.47,10.49,2.02,10.5,50.9,180,207,476,206,0,783,2311,4159.8,"44928"
16257,41.211025,-73.826889,129,"NY",98,15,79,245,457,"Betula","lenta","sweet birch","Plantae",69416,498,"Colored leaves",2015,8,18,230,2457253,14,2015,11,5,309,2457332,7,1.53,15.14,27.35,17.23,32,89.6,-7.76,3.23,16.43,6.7,20,68,297,222,290,264,0,672,2613.75,4704.75,"48730"
16257,41.211025,-73.826889,129,"NY",98,15,79,245,457,"Betula","lenta","sweet birch","Plantae",69424,498,"Colored leaves",2015,8,27,239,2457262,9,2015,9,21,264,2457287,7,1.53,15.14,27.35,17.23,25.5,77.9,-7.76,3.23,16.43,6.7,14.5,58.1,297,222,290,264,0,687,2822.75,5080.95,"47347"
16257,41.211025,-73.826889,129,"NY",98,15,79,245,457,"Betula","lenta","sweet birch","Plantae",69424,498,"Colored leaves",2015,10,16,289,2457312,7,2015,10,29,302,2457325,14,1.53,15.14,27.35,17.23,16,60.8,-7.76,3.23,16.43,6.7,6,42.8,297,222,290,264,0,824,3731.25,6716.25,"39053"
16257,41.211025,-73.826889,129,"NY",98,15,79,245,457,"Betula","lenta","sweet birch","Plantae",69430,498,"Colored leaves",2015,8,18,230,2457253,14,2015,9,21,264,2457287,7,1.53,15.14,27.35,17.23,32,89.6,-7.76,3.23,16.43,6.7,20,68,297,222,290,264,0,672,2613.75,4704.75,"48730"
16257,41.211025,-73.826889,129,"NY",98,15,79,245,457,"Betula","lenta","sweet birch","Plantae",69430,498,"Colored leaves",2015,10,16,289,2457312,7,2015,10,22,295,2457318,7,1.53,15.14,27.35,17.23,16,60.8,-7.76,3.23,16.43,6.7,6,42.8,297,222,290,264,0,824,3731.25,6716.25,"39053"
16257,41.211025,-73.826889,129,"NY",98,15,79,245,457,"Betula","lenta","sweet birch","Plantae",69432,498,"Colored leaves",2015,8,18,230,2457253,14,2015,10,22,295,2457318,7,1.53,15.14,27.35,17.23,32,89.6,-7.76,3.23,16.43,6.7,20,68,297,222,290,264,0,672,2613.75,4704.75,"48730"
16257,41.211025,-73.826889,129,"NY",98,15,79,245,457,"Betula","lenta","sweet birch","Plantae",69433,498,"Colored leaves",2015,8,18,230,2457253,14,2015,8,18,230,2457253,9,1.53,15.14,27.35,17.23,32,89.6,-7.76,3.23,16.43,6.7,20,68,297,222,290,264,0,672,2613.75,4704.75,"48730"
16257,41.211025,-73.826889,129,"NY",98,15,79,245,457,"Betula","lenta","sweet birch","Plantae",69433,498,"Colored leaves",2015,9,2,245,2457268,6,2015,9,4,247,2457270,17,1.53,15.14,27.35,17.23,31.5,88.7,-7.76,3.23,16.43,6.7,17,62.6,297,222,290,264,0,687,2958.75,5325.75,"46310"
16257,41.211025,-73.826889,129,"NY",98,15,79,245,457,"Betula","lenta","sweet birch","Plantae",69433,498,"Colored leaves",2015,10,6,279,2457302,8,2015,10,22,295,2457318,7,1.53,15.14,27.35,17.23,20.5,68.9,-7.76,3.23,16.43,6.7,6,42.8,297,222,290,264,0,820,3595,6471,"40435"
18524,40.860325,-73.878471,26,"NY",98,15,79,245,457,"Betula","lenta","sweet birch","Plantae",73254,498,"Colored leaves",2015,10,7,280,2457303,19,2015,11,4,308,2457331,14,2.85,16.05,28.65,18.13,22.5,72.5,-5.19,5.32,18.87,9.19,11.5,52.7,374,217,253,275,0,836,3979.25,7162.65,"40435"
18536,40.866119,-73.879341,29,"NY",99,15,79,245,457,"Betula","papyrifera","paper birch","Plantae",73381,498,"Colored leaves",2015,9,16,259,2457282,7,2015,11,5,309,2457332,NA,2.85,16.05,28.65,18.13,30.5,86.9,-5.19,5.32,18.87,9.19,16,60.8,374,217,253,275,0,756,3596.75,6474.15,"43891"
18537,40.86404,-73.878288,27,"NY",98,15,79,245,457,"Betula","lenta","sweet birch","Plantae",73419,498,"Colored leaves",2015,10,13,286,2457309,19,2015,10,27,300,2457323,7,2.85,16.05,28.65,18.13,23,73.4,-5.19,5.32,18.87,9.19,13,55.4,374,217,253,275,0,846,4077.25,7339.05,"39398"
8901,35.590618,-83.470062,1659,"TN",97,15,79,245,457,"Betula","alleghaniensis","yellow birch","Plantae",77754,498,"Colored leaves",2015,9,4,247,2457270,7,2015,10,9,282,2457305,NA,2.67,13.14,21,12.75,23.5,74.3,-6.63,3.11,11.96,3.07,13,55.4,434,475,537,477,0,1293,2386.5,4295.7,"45619"
19805,46.818321,-92.084106,305,"MN",97,15,79,245,457,"Betula","alleghaniensis","yellow birch","Plantae",80440,498,"Colored leaves",2015,2,6,37,2457060,NA,2015,5,4,124,2457147,NA,-6.33,10.98,24.09,9.62,-6,21.2,-15.09,-1.65,11.81,0,-14.5,5.9,76,164,272,127,0,11,0,0,"34560"
20206,42.301922,-71.123932,41,"MA",97,15,79,245,457,"Betula","alleghaniensis","yellow birch","Plantae",85759,498,"Colored leaves",2015,7,26,207,2457230,5,2015,7,26,207,2457230,2,1.64,14.46,26.95,17.19,25,77,-8.17,2.55,15.68,6.51,15.5,59.9,375,149,277,337,0,564,1961.75,3531.15,"52186"
20206,42.301922,-71.123932,41,"MA",97,15,79,245,457,"Betula","alleghaniensis","yellow birch","Plantae",85759,498,"Colored leaves",2015,8,6,218,2457241,3,2015,8,6,218,2457241,4,1.64,14.46,26.95,17.19,28.5,83.3,-8.17,2.55,15.68,6.51,14.5,58.1,375,149,277,337,0,578,2232,4017.6,"50803"
20206,42.301922,-71.123932,41,"MA",97,15,79,245,457,"Betula","alleghaniensis","yellow birch","Plantae",85759,498,"Colored leaves",2015,9,7,250,2457273,1,2015,9,14,257,2457280,1,1.64,14.46,26.95,17.19,32.5,90.5,-8.17,2.55,15.68,6.51,15.5,59.9,375,149,277,337,0,623,2956.75,5322.15,"45619"
20206,42.301922,-71.123932,41,"MA",97,15,79,245,457,"Betula","alleghaniensis","yellow birch","Plantae",85759,498,"Colored leaves",2015,9,19,262,2457285,4,2015,9,19,262,2457285,2,1.64,14.46,26.95,17.19,29,84.2,-8.17,2.55,15.68,6.51,15,59,375,149,277,337,0,646,3217,5790.6,"43546"
20206,42.301922,-71.123932,41,"MA",97,15,79,245,457,"Betula","alleghaniensis","yellow birch","Plantae",85759,498,"Colored leaves",2015,9,27,270,2457293,6,2015,9,27,270,2457293,1,1.64,14.46,26.95,17.19,20.5,68.9,-8.17,2.55,15.68,6.51,3.5,38.3,375,149,277,337,0,646,3339.75,6011.55,"42163"
20206,42.301922,-71.123932,41,"MA",97,15,79,245,457,"Betula","alleghaniensis","yellow birch","Plantae",85759,498,"Colored leaves",2015,10,5,278,2457301,7,2015,11,1,305,2457328,1,1.64,14.46,26.95,17.19,15,59,-8.17,2.55,15.68,6.51,7,44.6,375,149,277,337,0,731,3458.5,6225.3,"40781"
20206,42.301922,-71.123932,41,"MA",97,15,79,245,457,"Betula","alleghaniensis","yellow birch","Plantae",85761,498,"Colored leaves",2015,9,6,249,2457272,6,2015,9,7,250,2457273,7,1.64,14.46,26.95,17.19,29,84.2,-8.17,2.55,15.68,6.51,12,53.6,375,149,277,337,0,623,2932.75,5278.95,"45619"
20206,42.301922,-71.123932,41,"MA",97,15,79,245,457,"Betula","alleghaniensis","yellow birch","Plantae",85761,498,"Colored leaves",2015,9,27,270,2457293,6,2015,11,2,306,2457329,7,1.64,14.46,26.95,17.19,20.5,68.9,-8.17,2.55,15.68,6.51,3.5,38.3,375,149,277,337,0,646,3339.75,6011.55,"42163"
20206,42.301922,-71.123932,41,"MA",97,15,79,245,457,"Betula","alleghaniensis","yellow birch","Plantae",85762,498,"Colored leaves",2015,7,26,207,2457230,5,2015,7,26,207,2457230,2,1.64,14.46,26.95,17.19,25,77,-8.17,2.55,15.68,6.51,15.5,59.9,375,149,277,337,0,564,1961.75,3531.15,"52186"
20206,42.301922,-71.123932,41,"MA",97,15,79,245,457,"Betula","alleghaniensis","yellow birch","Plantae",85762,498,"Colored leaves",2015,8,28,240,2457263,4,2015,8,28,240,2457263,3,1.64,14.46,26.95,17.19,26.5,79.7,-8.17,2.55,15.68,6.51,13.5,56.3,375,149,277,337,0,622,2732.75,4918.95,"47347"
20206,42.301922,-71.123932,41,"MA",97,15,79,245,457,"Betula","alleghaniensis","yellow birch","Plantae",85762,498,"Colored leaves",2015,9,4,247,2457270,4,2015,9,4,247,2457270,2,1.64,14.46,26.95,17.19,26.5,79.7,-8.17,2.55,15.68,6.51,15.5,59.9,375,149,277,337,1,623,2894.5,5210.1,"45965"
20206,42.301922,-71.123932,41,"MA",97,15,79,245,457,"Betula","alleghaniensis","yellow birch","Plantae",85762,498,"Colored leaves",2015,9,7,250,2457273,1,2015,11,2,306,2457329,5,1.64,14.46,26.95,17.19,32.5,90.5,-8.17,2.55,15.68,6.51,15.5,59.9,375,149,277,337,0,623,2956.75,5322.15,"45619"
20206,42.301922,-71.123932,41,"MA",97,15,79,245,457,"Betula","alleghaniensis","yellow birch","Plantae",85763,498,"Colored leaves",2015,8,28,240,2457263,4,2015,8,28,240,2457263,3,1.64,14.46,26.95,17.19,26.5,79.7,-8.17,2.55,15.68,6.51,13.5,56.3,375,149,277,337,0,622,2732.75,4918.95,"47347"
20206,42.301922,-71.123932,41,"MA",97,15,79,245,457,"Betula","alleghaniensis","yellow birch","Plantae",85763,498,"Colored leaves",2015,9,11,254,2457277,4,2015,9,11,254,2457277,3,1.64,14.46,26.95,17.19,23,73.4,-8.17,2.55,15.68,6.51,15.5,59.9,375,149,277,337,17,640,3054.75,5498.55,"44928"
20206,42.301922,-71.123932,41,"MA",97,15,79,245,457,"Betula","alleghaniensis","yellow birch","Plantae",85763,498,"Colored leaves",2015,9,19,262,2457285,4,2015,9,19,262,2457285,2,1.64,14.46,26.95,17.19,29,84.2,-8.17,2.55,15.68,6.51,15,59,375,149,277,337,0,646,3217,5790.6,"43546"
20206,42.301922,-71.123932,41,"MA",97,15,79,245,457,"Betula","alleghaniensis","yellow birch","Plantae",85763,498,"Colored leaves",2015,9,27,270,2457293,6,2015,9,27,270,2457293,1,1.64,14.46,26.95,17.19,20.5,68.9,-8.17,2.55,15.68,6.51,3.5,38.3,375,149,277,337,0,646,3339.75,6011.55,"42163"
20206,42.301922,-71.123932,41,"MA",97,15,79,245,457,"Betula","alleghaniensis","yellow birch","Plantae",85763,498,"Colored leaves",2015,10,9,282,2457305,4,2015,11,2,306,2457329,5,1.64,14.46,26.95,17.19,21,69.8,-8.17,2.55,15.68,6.51,8,46.4,375,149,277,337,0,731,3512,6321.6,"40090"
20206,42.301922,-71.123932,41,"MA",97,15,79,245,457,"Betula","alleghaniensis","yellow birch","Plantae",85764,498,"Colored leaves",2015,7,26,207,2457230,5,2015,7,26,207,2457230,1,1.64,14.46,26.95,17.19,25,77,-8.17,2.55,15.68,6.51,15.5,59.9,375,149,277,337,0,564,1961.75,3531.15,"52186"
20206,42.301922,-71.123932,41,"MA",97,15,79,245,457,"Betula","alleghaniensis","yellow birch","Plantae",85764,498,"Colored leaves",2015,8,6,218,2457241,3,2015,8,6,218,2457241,4,1.64,14.46,26.95,17.19,28.5,83.3,-8.17,2.55,15.68,6.51,14.5,58.1,375,149,277,337,0,578,2232,4017.6,"50803"
20206,42.301922,-71.123932,41,"MA",97,15,79,245,457,"Betula","alleghaniensis","yellow birch","Plantae",85764,498,"Colored leaves",2015,8,16,228,2457251,6,2015,8,16,228,2457251,1,1.64,14.46,26.95,17.19,32,89.6,-8.17,2.55,15.68,6.51,18,64.4,375,149,277,337,13,608,2447.75,4405.95,"49075"
20206,42.301922,-71.123932,41,"MA",97,15,79,245,457,"Betula","alleghaniensis","yellow birch","Plantae",85764,498,"Colored leaves",2015,8,28,240,2457263,4,2015,8,28,240,2457263,3,1.64,14.46,26.95,17.19,26.5,79.7,-8.17,2.55,15.68,6.51,13.5,56.3,375,149,277,337,0,622,2732.75,4918.95,"47347"
20206,42.301922,-71.123932,41,"MA",97,15,79,245,457,"Betula","alleghaniensis","yellow birch","Plantae",85764,498,"Colored leaves",2015,9,4,247,2457270,4,2015,9,19,262,2457285,2,1.64,14.46,26.95,17.19,26.5,79.7,-8.17,2.55,15.68,6.51,15.5,59.9,375,149,277,337,1,623,2894.5,5210.1,"45965"
20206,42.301922,-71.123932,41,"MA",97,15,79,245,457,"Betula","alleghaniensis","yellow birch","Plantae",85764,498,"Colored leaves",2015,9,27,270,2457293,6,2015,11,1,305,2457328,1,1.64,14.46,26.95,17.19,20.5,68.9,-8.17,2.55,15.68,6.51,3.5,38.3,375,149,277,337,0,646,3339.75,6011.55,"42163"
20573,39.031677,-79.408554,1118,"WV",97,15,79,245,457,"Betula","alleghaniensis","yellow birch","Plantae",87583,498,"Colored leaves",2015,9,15,258,2457281,55,2015,11,9,313,2457336,30,-0.23,13.53,22.78,12.88,18.5,65.3,-9.72,1.67,12.51,2.69,2,35.6,301,407,428,316,0,1069,2654.5,4778.1,"44237"
20702,44.284657,-73.982742,559,"NY",97,15,79,245,457,"Betula","alleghaniensis","yellow birch","Plantae",88493,498,"Colored leaves",2015,9,28,271,2457294,12,2015,10,7,280,2457303,NA,-4.84,10.33,23.05,12.01,20.5,68.9,-16.94,-3.78,10.12,1.8,7,44.6,175,202,477,204,0,813,2511.5,4520.7,"41818"
20702,44.284657,-73.982742,559,"NY",99,15,79,245,457,"Betula","papyrifera","paper birch","Plantae",88494,498,"Colored leaves",2015,9,8,251,2457274,104,2015,9,8,251,2457274,1,-4.84,10.33,23.05,12.01,27.5,81.5,-16.94,-3.78,10.12,1.8,16.5,61.7,175,202,477,204,5,769,2221.5,3998.7,"45619"
20702,44.284657,-73.982742,559,"NY",99,15,79,245,457,"Betula","papyrifera","paper birch","Plantae",88494,498,"Colored leaves",2015,9,16,259,2457282,7,2015,10,7,280,2457303,NA,-4.84,10.33,23.05,12.01,26,78.8,-16.94,-3.78,10.12,1.8,8,46.4,175,202,477,204,0,804,2352.5,4234.5,"43891"
20811,35.336346,-80.793594,236,"NC",97,15,79,245,457,"Betula","alleghaniensis","yellow birch","Plantae",88794,498,"Colored leaves",2015,5,9,129,2457152,NA,2015,5,9,129,2457152,NA,10.57,22.9,32.61,21.9,28.5,83.3,-1.37,9.57,20.04,8.93,15,59,217,243,219,283,0,362,1222.25,2200.05,"49421"
6242,43.348259,-70.546036,5,"ME",99,15,79,245,457,"Betula","papyrifera","paper birch","Plantae",90115,498,"Colored leaves",2015,9,29,272,2457295,4,2015,10,30,303,2457326,NA,-0.33,12.15,24.42,15.21,23.5,74.3,-10.52,0.13,14.46,5.3,13,55.4,361,170,333,307,0,718,2985.75,5374.35,"41818"
21082,39.027878,-79.409424,1151,"WV",97,15,79,245,457,"Betula","alleghaniensis","yellow birch","Plantae",90883,498,"Colored leaves",2015,8,19,231,2457254,7,2015,8,19,231,2457254,NA,-0.77,12.96,22.21,12.37,22.5,72.5,-10.09,1.43,12.15,2.43,15.5,59.9,307,417,437,327,5,1031,2139,3850.2,"48038"
21082,39.027878,-79.409424,1151,"WV",97,15,79,245,457,"Betula","alleghaniensis","yellow birch","Plantae",90884,498,"Colored leaves",2015,8,19,231,2457254,7,2015,8,19,231,2457254,NA,-0.77,12.96,22.21,12.37,22.5,72.5,-10.09,1.43,12.15,2.43,15.5,59.9,307,417,437,327,5,1031,2139,3850.2,"48038"
20250,40.976376,-73.689102,22,"NY",98,15,79,245,457,"Betula","lenta","sweet birch","Plantae",91155,498,"Colored leaves",2015,9,24,267,2457290,133,2015,9,24,267,2457290,14,2.74,15.96,28.63,18.01,26.5,79.7,-5.79,4.71,18.19,8.69,12.5,54.5,314,202,258,282,0,719,3693.25,6647.85,"42509"
20250,40.976376,-73.689102,22,"NY",98,15,79,245,457,"Betula","lenta","sweet birch","Plantae",91155,498,"Colored leaves",2015,10,29,302,2457325,21,2015,10,29,302,2457325,NA,2.74,15.96,28.63,18.01,22.5,72.5,-5.79,4.71,18.19,8.69,13,55.4,314,202,258,282,31,859,4195,7551,"36979"
20250,40.976376,-73.689102,22,"NY",98,15,79,245,457,"Betula","lenta","sweet birch","Plantae",91200,498,"Colored leaves",2015,10,29,302,2457325,7,2015,11,5,309,2457332,NA,2.74,15.96,28.63,18.01,22.5,72.5,-5.79,4.71,18.19,8.69,13,55.4,314,202,258,282,31,859,4195,7551,"36979"
20250,40.976376,-73.689102,22,"NY",98,15,79,245,457,"Betula","lenta","sweet birch","Plantae",91203,498,"Colored leaves",2015,9,24,267,2457290,133,2015,10,1,274,2457297,7,2.74,15.96,28.63,18.01,26.5,79.7,-5.79,4.71,18.19,8.69,12.5,54.5,314,202,258,282,0,719,3693.25,6647.85,"42509"
21407,42.307365,-71.120773,36,"MA",97,15,79,245,457,"Betula","alleghaniensis","yellow birch","Plantae",93773,498,"Colored leaves",2015,9,14,257,2457280,31,2015,9,14,257,2457280,13,1.68,14.48,26.97,17.2,21.5,70.7,-8.14,2.58,15.69,6.53,12.5,54.5,372,151,273,335,3,641,3112.25,5602.05,"44237"
21407,42.307365,-71.120773,36,"MA",97,15,79,245,457,"Betula","alleghaniensis","yellow birch","Plantae",93773,498,"Colored leaves",2015,11,2,306,2457329,36,2015,11,2,306,2457329,7,1.68,14.48,26.97,17.2,17.5,63.5,-8.14,2.58,15.69,6.53,6.5,43.7,372,151,273,335,0,781,3767.25,6781.05,"35942"
21407,42.307365,-71.120773,36,"MA",97,15,79,245,457,"Betula","alleghaniensis","yellow birch","Plantae",93779,498,"Colored leaves",2015,9,6,249,2457272,15,2015,10,11,284,2457307,29,1.68,14.48,26.97,17.2,29,84.2,-8.14,2.58,15.69,6.53,12,53.6,372,151,273,335,0,618,2936,5284.8,"45619"
21407,42.307365,-71.120773,36,"MA",97,15,79,245,457,"Betula","alleghaniensis","yellow birch","Plantae",93780,498,"Colored leaves",2015,9,27,270,2457293,21,2015,10,26,299,2457322,NA,1.68,14.48,26.97,17.2,20.5,68.9,-8.14,2.58,15.69,6.53,3.5,38.3,372,151,273,335,0,641,3343,6017.4,"42163"
21492,44.730141,-73.576591,188,"NY",99,15,79,245,457,"Betula","papyrifera","paper birch","Plantae",94274,498,"Colored leaves",2015,9,2,245,2457268,2,2015,10,12,285,2457308,NA,-3.93,12.2,24.88,14.02,28.5,83.3,-14.03,0.17,13.68,4.43,15.5,59.9,127,121,417,144,0,587,2525.5,4545.9,"46656"
21407,42.307365,-71.120773,36,"MA",97,15,79,245,457,"Betula","alleghaniensis","yellow birch","Plantae",95611,498,"Colored leaves",2015,9,27,270,2457293,NA,2015,10,11,284,2457307,29,1.68,14.48,26.97,17.2,20.5,68.9,-8.14,2.58,15.69,6.53,3.5,38.3,372,151,273,335,0,641,3343,6017.4,"42163"
21407,42.307365,-71.120773,36,"MA",97,15,79,245,457,"Betula","alleghaniensis","yellow birch","Plantae",95612,498,"Colored leaves",2015,9,27,270,2457293,NA,2015,10,26,299,2457322,14,1.68,14.48,26.97,17.2,20.5,68.9,-8.14,2.58,15.69,6.53,3.5,38.3,372,151,273,335,0,641,3343,6017.4,"42163"
21801,42.455273,-76.497223,183,"NY",99,15,79,245,457,"Betula","papyrifera","paper birch","Plantae",95948,498,"Colored leaves",2015,10,2,275,2457298,NA,2015,10,20,293,2457316,NA,-1.16,13.55,26.21,15.68,14,57.2,-10.81,0.65,14.64,4.61,5,41,121,191,324,186,0,692,3273.25,5891.85,"41126"
21414,42.44883,-72.428421,318,"MA",98,15,79,245,457,"Betula","lenta","sweet birch","Plantae",96001,498,"Colored leaves",2015,10,16,289,2457312,NA,2015,10,23,296,2457319,21,-1.78,12.57,25.18,14.35,14,57.2,-12.45,-0.75,13.08,3.57,0.5,32.9,337,168,488,335,0,1026,3133,5639.4,"38707"
21414,42.44883,-72.428421,318,"MA",98,15,79,245,457,"Betula","lenta","sweet birch","Plantae",96213,498,"Colored leaves",2015,10,16,289,2457312,NA,2015,10,22,295,2457318,NA,-1.78,12.57,25.18,14.35,14,57.2,-12.45,-0.75,13.08,3.57,0.5,32.9,337,168,488,335,0,1026,3133,5639.4,"38707"
21752,42.3587,-71.165688,11,"MA",99,15,79,245,457,"Betula","papyrifera","paper birch","Plantae",110144,498,"Colored leaves",2015,10,30,303,2457326,NA,2015,10,30,303,2457326,NA,1.56,14.64,27.15,17.22,19.5,67.1,-8.43,2.38,15.48,6.23,5,41,373,156,260,303,2,780,3731,6715.8,"36634"
23589,42.316795,-71.084755,23,"MA",97,15,79,245,457,"Betula","alleghaniensis","yellow birch","Plantae",110255,498,"Colored leaves",2015,9,16,259,2457282,NA,2015,10,22,295,2457318,NA,1.68,14.36,26.81,17.19,28.5,83.3,-7.97,2.69,15.82,6.7,14,57.2,378,156,281,338,0,664,3151,5671.8,"43891"
57125,63.873096,-149.216476,807,"",430,15,79,245,457,"Betula","nana","dwarf birch","Plantae",361664,498,"Colored leaves",2015,7,23,204,2457227,8,2015,7,30,211,2457234,4,-9.47,6.13,16.54,0.99,21,69.8,-18.12,-6.2,6.29,-8.04,8,46.4,49,26,351,128,1,212,973.5,1752.3,"66355"
57125,63.873096,-149.216476,807,"",430,15,79,245,457,"Betula","nana","dwarf birch","Plantae",361664,498,"Colored leaves",2015,8,7,219,2457242,4,2015,9,10,253,2457276,6,-9.47,6.13,16.54,0.99,19.5,67.1,-18.12,-6.2,6.29,-8.04,4.5,40.1,49,26,351,128,0,261,1171.75,2109.15,"60826"
57125,63.873096,-149.216476,807,"",430,15,79,245,457,"Betula","nana","dwarf birch","Plantae",361665,498,"Colored leaves",2015,7,28,209,2457232,5,2015,7,30,211,2457234,4,-9.47,6.13,16.54,0.99,12.5,54.5,-18.12,-6.2,6.29,-8.04,6.5,43.7,49,26,351,128,15,244,1037.75,1867.95,"64282"
57125,63.873096,-149.216476,807,"",430,15,79,245,457,"Betula","nana","dwarf birch","Plantae",361665,498,"Colored leaves",2015,8,7,219,2457242,4,2015,9,10,253,2457276,6,-9.47,6.13,16.54,0.99,19.5,67.1,-18.12,-6.2,6.29,-8.04,4.5,40.1,49,26,351,128,0,261,1171.75,2109.15,"60826"
57125,63.873096,-149.216476,807,"",430,15,79,245,457,"Betula","nana","dwarf birch","Plantae",361667,498,"Colored leaves",2015,7,23,204,2457227,8,2015,9,10,253,2457276,6,-9.47,6.13,16.54,0.99,21,69.8,-18.12,-6.2,6.29,-8.04,8,46.4,49,26,351,128,1,212,973.5,1752.3,"66355"
57125,63.873096,-149.216476,807,"",430,15,79,245,457,"Betula","nana","dwarf birch","Plantae",361670,498,"Colored leaves",2015,7,15,196,2457219,NA,2015,9,10,253,2457276,6,-9.47,6.13,16.54,0.99,14,57.2,-18.12,-6.2,6.29,-8.04,6.5,43.7,49,26,351,128,12,168,879.75,1583.55,"68774"
57125,63.873096,-149.216476,807,"",430,15,79,245,457,"Betula","nana","dwarf birch","Plantae",361672,498,"Colored leaves",2015,8,7,219,2457242,4,2015,9,10,253,2457276,6,-9.47,6.13,16.54,0.99,19.5,67.1,-18.12,-6.2,6.29,-8.04,4.5,40.1,49,26,351,128,0,261,1171.75,2109.15,"60826"
